parameter,importance
learning_rate,0.4055111798058258
seq_length,0.28103588356184434
hidden_size,0.15113526547655673
dropout_rate,0.0823558639137488
num_layers,0.0580820131839589
batch_size,0.021879794058065543
